110	Circuit de Barcelona-Catalunya - Grand Prix Circuit
111	Circuit de Barcelona-Catalunya - National Circuit
113	Circuit de Barcelona-Catalunya - National Circuit Alt
530	Circuit de Spa-Francorchamps - Full Circuit
1660	Eaglerock Speedway - Oval Circuit
1661	Eaglerock Speedway - Club Circuit
1663	Eaglerock Speedway - Club Circuit Reverse
1630	Grand Oak Raceway - National Circuit
1631	Grand Oak Raceway - Club Circuit
1632	Grand Oak Raceway - National Circuit Reverse
1640	Hakone - Grand Prix Circuit
1641	Hakone - Club Circuit
1643	Hakone - Club Circuit Reverse
1110	Homestead-Miami Speedway - Speedway Circuit
1111	Homestead-Miami Speedway - Road Circuit
231	Indianapolis Motor Speedway - The Brickyard Speedway
232	Indianapolis Motor Speedway - Grand Prix Circuit
1590	Kyalami Grand Prix Circuit - Grand Prix Circuit
100	Le Mans - Circuit International de la Sarthe - Full Circuit
101	Le Mans - Circuit International de la Sarthe - Old Mulsanne Circuit
880	Lime Rock Park - Full Circuit
882	Lime Rock Park - South Chicane
883	Lime Rock Park - Full Circuit Alt
67	Maple Valley - Full Circuit
68	Maple Valley - Short Circuit
70	Maple Valley - Short Circuit Reverse
1450	Mid-Ohio Sports Car Course - Full Circuit
1452	Mid-Ohio Sports Car Course - Short Circuit
35	Mugello Circuit - Full Circuit
36	Mugello Circuit - Club Circuit
33	Nürburgring - GP Circuit
34	Nürburgring - Sprint Circuit
3	Road America - Full Circuit
5	Road America - East Route
21	Silverstone Racing Circuit - Grand Prix Circuit
22	Silverstone Racing Circuit - National Circuit
23	Silverstone Racing Circuit - International Circuit
37	Suzuka Circuit - Full Circuit
38	Suzuka Circuit - East Circuit
990	Virginia International Raceway - Full
991	Virginia International Raceway - North
992	Virginia International Raceway - South
995	Virginia International Raceway - Grand West
996	Virginia International Raceway - Grand East
870	Watkins Glen International Speedway - Full Circuit
873	Watkins Glen International Speedway - Short Circuit
0	WeatherTech Raceway Laguna Seca - Full Circuit
1	WeatherTech Raceway Laguna Seca - Short Circuit
510	Yas Marina Circuit - Full Circuit
511	Yas Marina Circuit - North Circuit
512	Yas Marina Circuit - South Circuit
513	Yas Marina Circuit - North Corkscrew
250	Hockenheimring - Full Circuit
251	Hockenheimring - National Circuit
252	Hockenheimring - Short Circuit
840	Daytona Intl Speedway - Sports Car Circuit
841	Daytona Intl Speedway - Tri-Oval Circuit
31	Nürburgring - Full Circuit
32	Nürburgring - Nordschleife
860	Brand Hatch - Tor Grand Prix
861	Brand Hatch - Tor Indy
40	Sebring International - Full
42	Sebring International - Short
16	Road Atlanta - Full
17	Road Atlanta - Club
1620	Sunset Peninsula Raceway - Full
1621	Sunset Peninsula Raceway - Club
1622	Sunset Peninsula Raceway - Full Reverse
1623	Sunset Peninsula Raceway - Club Reverse
1624	Sunset Peninsula Raceway - Speedway
540	Mount Panorama - Circuit
78	Fujimi Kaido - Full
83	Fujimi Kaido - Full Reverse
