247	1969 Toyota 2000GT
249	1962 Ferrari 250 GTO
251	1954 Mercedes-Benz 300 SL Coupe
253	1994 Ferrari F355 Berlinetta
255	1992 Ferrari 512 TR
257	2002 Ferrari 575M Maranello
260	1973 Porsche 911 Carrera RS
261	1995 Porsche 911 GT2
262	2004 Porsche 911 GT3
265	1982 Porsche 911 Turbo 3.3
266	1970 Porsche 914/6
268	1989 Porsche 944 Turbo
269	1987 Porsche 959
281	1968 Plymouth Barracuda Formula-S
289	1969 Chevrolet Camaro Super Sport Coupe
291	1990 Vauxhall Lotus Carlton
292	2003 Porsche Carrera GT
294	2002 Koenigsegg CC8S
295	2003 Toyota Celica Sport Specialty II
296	1998 TVR Cerbera Speed 12
297	2003 Ferrari 360 Challenge Stradale
299	1970 Chevrolet Chevelle Super Sport 454
302	2004 Honda Civic Type-R
306	1965 Shelby Cobra 427 S/C
309	1995 Volkswagen Corrado VR6
312	1967 Chevrolet Corvette Stingray 427
314	2002 Chevrolet Corvette Z06
315	1970 Chevrolet Corvette ZR-1
316	1988 Lamborghini Countach LP5000 QV
320	1991 Honda CR-X SiR
323	1992 Lancia Delta HF Integrale EVO
324	1999 Lamborghini Diablo GTR
325	1997 Lamborghini Diablo SV
326	1969 Ferrari Dino 246 GT
327	1995 Mitsubishi Eclipse GSX
330	1971 Lotus Elan Sprint
331	2005 Lotus Elise 111 S
333	2002 Ferrari Enzo Ferrari
335	2002 Lotus Esprit V8
336	1961 Jaguar E-type
338	1997 McLaren F1 GT
340	1987 Ferrari F40
342	1995 Ferrari F50
343	1969 Nissan Fairlady Z 432
344	2003 Nissan Fairlady Z
345	1994 Nissan Fairlady Z Version S Twin Turbo
348	2005 Ford GT
349	1998 Nissan R390 (GT1)
353	1992 Volkswagen Golf Gti 16v Mk2
354	2003 Volkswagen Golf R32
357	1997 Mitsubishi GTO
358	1984 Ferrari 288 GTO
363	1998 SUBARU Impreza 22B-STi Version
364	2004 SUBARU Impreza WRX STi
365	2005 SUBARU Impreza WRX STi
368	2001 Acura Integra Type-R
374	2006 Mitsubishi Lancer Evolution IX MR
375	1999 Mitsubishi Lancer Evolution VI GSR
378	2004 Mitsubishi Lancer Evolution VIII MR
379	2005 SUBARU LEGACY B4 2.0 GT
382	1997 BMW M3
383	2005 BMW M3
391	2004 Maserati MC 12
397	2005 Vauxhall Monaro VXR
398	1995 Toyota MR2 GT
405	2000 Ford SVT Cobra R
411	2005 Honda NSX-R
412	1992 Honda NSX-R
417	1970 Buick GSX
419	2006 Audi RS 4
420	2003 Audi RS 6
422	2002 Acura RSX Type-S
423	1990 Mazda Savanna RX-7
424	1997 Mazda RX-7
425	2002 Mazda RX-7 Spirit R Type-A
427	2003 Honda S2000
432	2004 Saleen S7
433	2005 TVR Sagaris
439	1992 Nissan Silvia CLUB K's
440	1994 Nissan Silvia K's
441	2000 Nissan Silvia Spec-R
444	1993 Nissan Skyline GT-R V-Spec
445	2002 Nissan Skyline GT-R V-Spec II
447	2005 Mercedes-Benz SLR
453	2003 Renault Clio
455	1985 Toyota Sprinter Trueno GT Apex
458	1974 Lancia Stratos HF Stradale
460	1992 Toyota Supra 2.0 GT
461	1998 Toyota Supra RZ
462	1998 Eagle Talon
477	2001 TVR Tuscan S
483	1999 Dodge Viper GTS ACR
487	2004 Vauxhall VX 220
489	1993 Jaguar XJ220
496	2004 AUD 5 R 8
498	2003 Bentley 7 Speed 8
513	1969 Dodge Charger R/T
550	1993 Peugeot 3 905 EVO
565	2002 BMW M3-GTR
567	1998 Nissan Silvia K's Aero
568	1998 Mercedes-Benz AMG CLK GTR Forza Edition
569	2005 Honda NSX-R GT
615	2007 Peugeot 207 Super 2000
625	2007 Honda Civic Type-R
631	2006 Aston Martin 007 DBR 9
633	1983 Audi Sport quattro
634	1980 Renault 5 Turbo
635	2007 Renault Clio 197
637	1967 Lamborghini Miura P400
639	1970 Dodge Challenger R/T
641	1997 Toyota Soarer 2.5 GT-T
642	1991 BMW M3
1005	1973 Pontiac Firebird Trans Am SD-455
1006	2005 Ferrari FXX
1007	2008 Koenigsegg CCGT
1009	2008 Mitsubishi Lancer Evolution X GSR
1011	2008 BMW M3
1020	1996 Ferrari F50 GT
1022	2007 Ferrari 430 Scuderia
1023	1989 Ferrari F40 Competizione
1030	2008 Porsche 7 RSSpyder
1032	2007 Alfa Romeo 8C Competizione
1033	1990 Chevrolet Camaro IROCZ
1034	1994 Toyota Celica GT-Four ST205
1040	1981 BMW M1
1041	1993 Ford SVT Cobra R
1042	1971 Nissan Skyline 2000GT-R
1043	1997 Nissan Skyline GT-R V-Spec
1045	1987 Pontiac Firebird Trans Am GTA
1046	2008 Dodge Viper SRT10 ACR
1052	2006 Dodge Ram SRT-10
1059	2008 BMW Z4 M Coupe
1060	2008 SUBARU Impreza WRX STI
1063	1969 Dodge Charger Daytona HEMI
1064	1979 Chevrolet Camaro Z28
1069	2009 Chevrolet Corvette ZR1
1071	2015 Lexus ISF
1081	2008 Aston Martin DBS
1086	2009 Ford Focus RS
1090	2009 Mercedes-Benz SL 65 AMG Black Series
1093	1960 Chevrolet Corvette
1094	2008 Volkswagen Touareg R 50
1098	2009 MINI John Cooper Works
1101	2009 Vauxhall Corsa VXR
1103	2010 Nissan 370Z
1104	1970 Datsun 510
1105	1964 Aston Martin DB5
1108	1985 Ford RS200 Evolution
1110	1994 Mazda MX-5 Miata
1115	2010 Fiat 500 Abarth SS
1124	1980 Abarth Fiat 131
1125	2008 Lamborghini Reventon
1126	2009 BMW M5
1130	2011 Mercedes-Benz SLS AMG
1131	2009 Ferrari 458 Italia
1150	1965 Alfa Romeo Giulia Sprint GTA Stradale
1154	1957 Ferrari 250 Testa Rossa
1155	1965 Shelby Cobra Daytona Coupe
1171	2010 Ferrari 599XX
1173	2010 Lamborghini Murcielago LP 670-4 SV
1175	2010 Pagani Zonda R
1181	2010 Aston Martin One-77
1184	2009 Audi RS 6
1187	2009 Lotus 2-Eleven
1190	2010 Vauxhall Insignia VXR
1197	2010 Saleen S 5 SRaptor
1200	2009 AUD R 8 LMS
1202	2011 Penhall The Cholla
1204	2010 Renault Megane R.S. 250
1215	2000 PG Null Car
1216	2011 Audi RS 3 Sportback
1218	2011 BMW Z 4
1219	1992 Bugatti EB110 Super Sport
1220	2010 Audi TT RS Coupe
1221	2010 Mazda Mazdaspeed 3
1229	2008 Mazda Furai
1231	2010 Volkswagen Golf R
1234	2010 Porsche 911 Sport Classic
1245	2010 Morgan Aero SS
1246	2010 Mosler MT 900 S
1248	2010 Rossion Q1
1253	2010 Noble M600
1260	2010 Lexus LFA
1264	2010 Renault Clio R.S.
1267	1971 AMC Javelin AMX
1268	2002 BMW Z3 M Coupe
1269	1973 BMW 2002 Turbo
1270	1982 DeLorean DMC-12
1271	1957 Ferrari 250 California
1272	1992 Ford Escort RS Cosworth
1273	1997 Honda Civic Type R
1275	2006 Koenigsegg CCX
1276	1977 Pontiac Firebird Trans Am
1277	1971 Plymouth Cuda 426 Hemi
1278	1973 Ford XB Falcon GT
1280	1970 Mercury Cougar Eliminator
1281	1955 Porsche 550A Spyder
1282	1993 Nissan 240SX SE
1285	1965 Pontiac GTO
1290	1986 BMW M635CSi
1291	1970 Chevrolet El Camino Super Sport 454
1293	1987 Ford Sierra Cosworth RS500
1294	1991 GMC Syclone
1295	1982 Lancia 037 Stradale
1296	1990 Mercedes-Benz 190E 2.5-16 Evolution II
1297	1988 Mitsubishi Starion ESI-R
1299	1983 Volvo 242 Turbo Evolution
1300	1964 Chevrolet Impala Super Sport 409
1301	1956 Jaguar D-Type
1302	1977 Ford Escort RS1800
1304	2010 Maserati Gran Turismo S
1309	1969 Pontiac GTO Judge
1314	1993 McLaren F1
1318	1968 Ferrari 365 GTB/4
1319	2010 Ferrari 599 GTO
1320	1971 Ford Mustang Mach 1
1322	2011 Lamborghini Sesto Elemento
1323	2011 SUBARU WRX STI
1328	2011 Ford F-150 SVT Raptor
1329	1987 Buick Regal GNX
1330	1970 Chevrolet Camaro Z28
1332	1968 Dodge Dart HEMI Super Stock
1334	1980 Lotus Esprit Turbo
1335	1991 Mazda #55 Mazda 787B
1336	1969 Oldsmobile 442
1338	1968 Pontiac Firebird
1345	2006 HUMMER H1 Alpha
1350	2011 BMW X5 M
1351	1997 Lexus SC300
1352	1970 Dodge Coronet Super Bee
1354	1966 Chevrolet Nova Super Sport
1355	1965 Ford Mustang GT Coupe
1367	2003 BMW M5
1368	1988 BMW M5
1369	2009 Pagani Zonda Cinque Roadster 'Oreo Edition'
1370	1995 Audi Avant RS 2
1372	1930 Bentley Blower 4-1/2 Litre Supercharged
1376	1999 Lotus Elise Series 1 Sport 190
1377	1986 Alfa Romeo Spider
1379	1996 Chevrolet Impala Super Sport
1380	1981 Volkswagen Scirocco S
1381	1992 Mitsubishi Galant VR-4
1382	1990 SUBARU Legacy RS
1383	1998 Volkswagen Gti VR6 Mk3
1385	2011 BMW 1 Series M Coupe
1386	1958 Aston Martin DBR1
1387	1998 Mercedes-Benz AMG CLK GTR
1388	2012 Eagle Speedster
1389	2011 Ferrari F 151
1392	2011 Mazda RX-8 R3
1393	1992 Alfa Romeo 155 Q4
1394	1992 GMC Typhoon
1395	1989 Toyota MR2 SC
1396	2011 Holden HSVGTS
1397	2011 Lamborghini Gallardo LP 570-4 Superleggera
1398	2012 Lamborghini Gallardo LP 570-4 Spyder Performante
1417	2011 Audi RS 5 Coupe
1418	1995 BMW M5
1420	1967 Chevrolet Chevelle 396
1426	2011 McLaren 12C Coupé
1427	2011 Pagani Huayra Coupe
1428	2011 Volkswagen Scirocco R
1429	1969 Chevrolet Nova Super Sport 396
1433	2011 RUF Rt 12 S
1435	1963 Volkswagen Beetle
1436	2011 AUD 2 R 15
1451	2012 BMW M5
1457	1969 McLaren 4 M 8 B
1459	1957 Chevrolet Bel Air
1460	2011 Ford Transit SuperSportVan
1462	1957 Maserati 300 S
1477	2011 Hot Wheels Bone Shaker
1478	1986 Audi #2 Audi Sport quattro S1
1480	1985 Mazda RX 7
1481	1965 Austin-Healey 3000
1482	1973 AMC Gremlin X
1484	1966 Ford Country Squire
1485	1954 Jaguar XK 120
1486	1966 Ford Lotus Cortina
1487	1958 MGA
1489	1962 Triumph TR 3
1490	2012 Vauxhall Astra
1493	1995 BMW 850CSi
1494	2012 Bowler Nemesis EXR
1496	2012 Jeep Wrangler Rubicon
1498	2011 McLaren 59 MP 412 C
1500	2012 Mercedes-Benz SLK 55 AMG
1501	2012 Scion t C
1509	1959 Cadillac Eldorado
1510	1995 Ford Mustang SVT Cobra R
1512	1952 Hudson Hornet
1513	1997 Maserati Ghibli Cup
1514	1973 Mazda RX 3
1515	1995 RUF CTR 2
1516	1987 RUF Yellowbird
1517	1992 Toyota Celica GT-Four RC ST185
1519	1998 Aston Martin Vantage V600
1522	2012 Lamborghini Aventador J
1523	2012 Mercedes-Benz C 63 AMG Coupe Black Series
1524	1960 Maserati Tipo 61
1525	2012 Mercedes-Benz SLK 55 AMG
1529	1973 Ford Capri RS3100
1530	1940 Ford De Luxe Coupe
1531	1983 GMC Vandura G-1500
1532	2012 Hot Wheels Bad to the Blade
1533	1977 Holden Torana A9X
1534	1990 Jaguar XJS
1536	1973 Alpine A110 1600s
1537	1973 Toyota Corolla SR 5
1539	2012 Porsche 911 GT3 RS 4.0
1542	2012 Porsche Cayenne
1549	1968 Alfa Romeo 33 Stradale
1550	1960 Aston Martin DB 4 GT
1553	1966 Chaparral 66 2 E
1555	1953 Fiat 8 VSupersonic
1558	1956 Lotus Eleven
1559	1955 Mercedes-Benz 300 SLR
1561	1967 Volkswagen Karmann Ghia
1562	2013 Dodge SRT Viper GTS
1563	2011 Porsche 045 GT 3 RSR
1564	1953 Chevrolet Corvette
1568	1974 Honda Civic RS
1570	2013 Ferrari F 12
1572	1970 AMC Rebel "The Machine"
1574	1958 Austin-Healey Sprite MkI
1575	1988 Chevrolet Monte Carlo Super Sport
1578	1962 Ferrari 250 GT Berlinetta Lusso
1579	1975 Fiat X 19
1580	1973 Ford Escort RS1600
1581	1956 Ford F-100
1583	2012 Lamborghini Aventador LP700-4
1585	1968 Lancia Fulvia Coupe Rallye 1.6 HF
1586	1962 Lincoln Continental
1587	1972 Mazda Cosmo
1589	1958 MGB
1591	1984 Peugeot 205 Turbo 16
1592	1974 Toyota Celica GT
1593	1970 Triumph TR 6
1598	2010 BMW M3 GTS
1599	2012 Hennessey Venom GT
1601	2012 Lotus Exige S
1605	2012 Shelby 1000
1607	2013 Audi RS 7 Sportback
1613	1949 Mercury Coupe
1615	1969 FIAT Dino 2.4 Coupe
1619	1967 Mercedes-Benz 280 SL
1624	2006 Hummer H 1 Alpha Open Top
1625	2012 Lamborghini Urus
1626	2012 Cadillac Escalade
1627	2013 Mercedes-Benz G 65 AMG
1636	2013 Aston Martin Vanquish
1650	1986 Honda Civic Si
1651	2013 Aston Martin V12 Vantage S
1652	2013 Caterham Superlight R500
1653	2013 KTM X-Bow R
1654	2013 Ford Shelby GT500
1655	2013 SUBARU BRZ
1658	2013 Mercedes-Benz A 45 AMG
1661	1986 Lancia Delta S4
1662	1965 MINI Cooper S
1665	2011 Citroën DS 3 Racing
1667	2013 McLaren P1
1668	1969 Ford Mustang Boss 302
1670	1988 McLaren 12 MP 44
2002	2012 Nissan GT-R Black Edition (R35)
2003	2012 MINI John Cooper Works GP
2004	2013 Mazda MX-5
2005	2009 Honda S2000 CR
2006	1995 Chevrolet Corvette ZR-1
2007	2013 Toyota 86
2009	2013 AUD RS 7
2010	2013 Audi RS 4 Avant
2011	2014 Ford Fiesta ST
2017	1968 Abarth 595 esseesse
2018	2013 BMW M6 Coupe
2019	2003 Ford Focus RS
2021	2013 Mercedes-Benz E 63 AMG
2022	2013 Renault Clio R.S. 200 EDC
2023	2013 Volvo C30 Polestar
2032	2013 Lotus E 21
2034	2013 Ferrari LaFerrari
2038	2014 Alfa Romeo 4C
2040	2014 BAC Mono
2041	2013 Bentley Continental GTS
2042	2013 Lamborghini Veneno
2045	2012 Ultima GTR 720
2049	1945 Willys MB Jeep
2051	2014 Maserati Ghibli
2066	1926 Bugatti Type 35 C
2068	1939 Maserati 8CTF
2069	1939 Mercedes-Benz W154
2070	1952 Ferrari 375
2072	1964 WAT Roadster
2074	1969 Ford Brawner Hawk
2078	1990 Chevrolet Lola T 9000
2083	2013 Formula Mazda
2096	1939 Auto Union Type D
2102	1976 TYR 3 P 34
2105	2013 Donkervoort D8 GTO
2108	2014 Jeep Grand Cherokee SRT
2110	2014 Land Rover Range Rover
2113	2013 Vauxhall Astra 16
2119	1984 Honda Civic CRX Mugen
2121	1994 Honda Prelude Si
2122	1934 Alfa Romeo P 3
2128	2013 Cadillac XTS Limousine
2129	2013 Caparo T 1
2130	2013 Chevrolet Summit Racing Pro Stock Camaro
2131	2014 HSV GEN-F GTS
2133	2015 BMW i8
2134	2014 Chevrolet SS
2135	1997 Land Rover Defender 90
2137	2000 Plymouth Prowler
2138	2005 Pontiac Aztek
2140	1980 SUBARU BRAT GL
2141	1967 SUN Tiger
2142	2014 Volkswagen Golf R
2143	2013 Chevrolet 7 SST
2145	2014 Ford Ranger T6 Rally Raid
2146	2014 Local Motors Rally Fighter
2147	1986 MG Metro 6R4
2148	2013 MINI X-Raid ALL4 Racing Countryman
2149	1993 Renault Clio Williams
2151	1963 Volkswagen Type 2 De Luxe
2154	2014 BMW M4 Coupe
2156	2015 BMW M 2
2157	1970 Citroën 2 CV
2158	1981 Ford Fiesta XR2
2161	1965 Alfa Romeo Giulia TZ2
2162	2015 Jaguar F-TYPE R Coupé
2163	2016 Honda Civic Type R
2164	2014 Lamborghini Huracán LP 610-4
2165	2011 Lotus Evora S
2166	2014 Infiniti Q 50 ER
2168	2015 SUBARU WRX STI
2169	2014 Infiniti Q 50
2171	2005 Mazda Mazdaspeed MX-5
2173	2015 MG MG3
2175	2015 Lexus RC F
2176	1986 Lamborghini LM 002
2177	2015 Chevrolet Corvette Z06
2178	2001 Audi RS 4 Avant
2179	2015 Audi S1
2180	2015 Audi RS 6 Avant
2181	2013 Audi R8 Coupe V10 plus 5.2 FSI quattro
2182	2015 Audi TTS Coupe
2183	2015 Chevrolet Camaro Z/28
2184	2013 Ferrari 458 Speciale
2185	2015 Jaguar XFR-S
2186	1954 Ferrari 500 TR
2187	1975 Ford Bronco
2188	2015 Koenigsegg One:1
2189	2015 McLaren 650S Coupe
2194	2014 Ferrari California T
2195	1980 FIAT 124 Sport Spider
2203	1988 Holden Commodore VL
2205	1970 Honda S 800
2207	1976 Lamborghini Jarama
2209	1992 Mazda 323 GT-R
2216	1958 Plymouth Fury
2217	1996 SUBARU SVX
2223	2014 Bentley 7 Continental GT 3
2235	2015 Jaguar XKR-S GT
2240	2014 Mazda 70 B 1280
2241	2014 McLaren 60 MP 412 C
2242	2015 Mercedes-AMG GT S
2257	2015 Volkswagen Global Rally Cross Bug
2258	1970 Volkswagen #1107 Desert Dingo Racing Stock Bug
2262	2016 Cadillac ATS-V
2263	2015 Dodge Challenger SRT Hellcat
2265	1967 Honda RA 300
2267	2016 Mazda MX-5
2268	1965 Ferrari 250 LM
2270	1973 Nissan Skyline H/T 2000GT-R
2272	1969 Datsun 2000 Roadster
2280	1970 Dodge Charger Fast 7
2289	2014 Porsche 911 Turbo S
2290	2014 Porsche 918 Spyder
2293	2015 Porsche Cayman GTS
2295	2015 Porsche Mecan Turbo
2297	2012 Volkswagen Santana
2299	1956 Porsche 356 A
2301	2012 Aston Martin V12 Zagato
2306	2014 Lamborghini 29 LP 5704
2310	1981 Ford 3 Capri Turbo
2313	2014 Honda 25 Civic
2319	1979 BMW 80 M 1
2322	2014 AUD 48 R 8 LMS
2323	2014 AUD 1 R 8 LMS
2327	2015 Holden 1 Commodore VF
2329	2014 McLaren 15 MP 412 C
2330	2014 McLaren 98 MP 412 C
2332	2010 Peugeot 4 908
2344	2015 Renault 9 Formula E
2345	2015 Renault 10 Formula E
2346	2015 Renault 11 Formula E
2349	2015 Renault 27 Formula E
2350	2015 Renault 55 Formula E
2352	2017 Acura NSX
2357	2017 Ford Focus RS
2363	2017 Ford GT
2366	1975 BMW 93 30 CSL
2371	2014 Ferrari FXX K
2372	1932 Ford De Luxe Five-Window Coupe
2374	1967 Volkswagen 1600 L
2377	2014 Nissan 23 Nismo GTR
2382	2001 Honda S 2000 FF
2384	1999 Nissan Skyline FF
2387	1963 Chevrolet Corvette GSFF
2388	1969 Dodge Charger Daytona FF
2389	1970 Ford Escort RS 1600 FF
2391	2002 Nissan Fairlady ZFF
2393	2014 Terradyne Gurkha FF
2396	1968 Dodge Charger FF
2397	2017 Ford F-150 Raptor
2398	1969 Lola 31 T 163
2400	2016 Ford Shelby GT350R
2405	2000 Lotus 340R
2412	1957 BMW Isetta 300 Export
2415	1971 Jensen Interceptor SP
2416	1971 Meyers Manx
2417	1973 Holden HQ Monaro GTS 350
2420	1984 Opel Manta 400
2421	2016 Cadillac CTS-V Sedan
2422	2014 HSV Limited Edition Gen-F GTS Maloo
2423	1969 Lola #6 Penske Sunoco T70 MkIIIB
2424	2015 Mercedes-Benz #24 Tankpool24 Racing Truck
2427	2016 Vauxhall Corsa VXR
2428	2016 W Motors Lykan HyperSport
2430	2016 Ariel Nomad
2431	2015 BMW X6 M
2432	1975 DS Automobiles DS 23
2437	2015 Infiniti Q60 Concept
2438	2015 Nissan 23 Altima
2440	2015 Chevrolet 67 DW 12
2441	2015 Honda 28 DW 12
2442	2015 Honda 27 DW 12
2443	2015 Honda 15 DW 12
2444	2015 Honda 14 DW 12
2445	2015 Chevrolet 9 DW 12
2448	2015 Chevrolet 1 DW 12
2449	2015 AUD TTS Team Forza
2450	2015 BMW M 4 Team Forza
2451	2015 Dodge Challenger Hellcat Team Forza
2452	2015 Ford Mustang GT Team Forza
2453	2016 Mazda MX 5 Team Forza
2454	2015 Subaru WRXSTi Team Forza
2455	2008 Aston Martin DBS Team Forza
2456	2013 AUD R 8 Plus Team Forza
2457	2013 AUD RS 7 Team Forza
2458	2012 BMW M 5 Team Forza
2459	2015 Ferrari 458 Speciale Team Forza
2460	2005 Honda NSXR Team Forza
2462	2013 McLaren P 1 Team Forza
2463	2003 Nissan Fairlady Z Team Forza
2464	2013 Viper Team Forza
2465	2015 Lotus 8 E 23
2467	2015 Ferrari 488 GTB
2468	2015 Dodge Charger SRT Hellcat
2469	1965 Toyota Sports 800
2470	2016 Aston Martin Vulcan
2471	2016 Mercedes-AMG C 63 S Coupe
2472	2015 McLaren 570S Coupe
2473	2016 Audi R8 V10 plus
2474	2016 Zenvo ST1
2475	2016 Spania GTA GTA Spano
2477	2016 BMW M2 Coupé
2479	2016 Lamborghini Aventador Superveloce
2481	2016 McLaren P 1 GTR
2484	2015 Volvo 33 S 60
2486	2015 Radical RXC Turbo
2489	2016 Abarth 695 Biposto
2490	2016 Bentley Speed 6 Concept
2492	2016 Jaguar F-TYPE Project 7
2493	2015 Aston Martin Vantage GT12
2494	2015 Land Rover Range Rover Sport SVR
2497	1963 Opel Kadett
2499	2015 Honda 25 DW 12
2500	2015 Honda 7 DW 12
2501	2010 Ferrari F 142 Team Forza
2503	1937 Bugatti Type 57 S
2504	1946 Ford Super Deluxe Station Wagon
2506	1953 Maserati A 6 GCS 53
2507	1955 Chevrolet 150 Utility Sedan
2510	1974 Holden Sandman HQ panel van
2511	1976 Jeep CJ5 Renegade
2512	1987 Nissan Skyline GTS-R (HR31)
2515	2011 Penhall Cholla
2516	2014 Holden Sandman
2517	2014 Ford #11 Rockstar F-150 Trophy Truck
2521	2015 Polaris RZR XP 1000 EPS
2525	2016 Hennessey Venom GTF 5
2526	2016 Koenigsegg Regera
2527	2017 Aston Martin DB11
2528	2016 Porsche 911 GT3 RS
2529	2016 Porsche Cayman GT4
2534	1993 Porsche 968 Turbo S
2535	1993 Porsche 928 GTS
2536	1962 Porsche 804
2537	1958 Porsche 34 718 RSK 'Welcome Pack'
2541	2016 Lotus 3-Eleven
2542	2017 Alfa Romeo Giulia Quadrifoglio
2543	2016 Ford #66 Ford Racing GTLM Le Mans
2544	2016 Dodge Viper ACR
2545	2015 Dodge Challenger Hellcat BT
2549	1970 Porsche #3 917 LH
2550	2016 Mazda MX 5 Pringles
2551	2014 Ford FPV Limited Edition Pursuit Ute
2552	2015 Alumicraft Class 10 Race Car
2556	1949 Ferrari 166 MMB
2558	1970 International Scout 800A
2559	1959 Jaguar Mk II 3.8
2560	1972 Land Rover Series III
2562	2014 Morgan 3 Wheeler
2563	1972 Reliant Supervan III
2564	1979 Talbot Sunbeam Lotus
2566	1979 Toyota FJ40
2568	1969 Volkswagen Class 5/1600 Baja Bug
2569	2015 Ultima Evolution Coupe 1020
2570	2015 Jaguar XE-S
2571	2017 Jaguar F-PACE S
2574	2554 AMG Transport Dynamics M12S Warthog CST
2575	2011 Koenigsegg Agera
2576	2005 Hot Wheels Ford Mustang
2577	2015 Ferrari F12tdf
2578	2017 Ford GTNutri Grain
2580	2015 Ford Falcon GT F 351
2581	1972 Chrysler Charger E 49
2582	1996 Holden HSVGTSR
2584	1985 HDT VK Commodore Group A
2585	1972 Ford Falcon XA GT-HO
2586	2015 Volvo V60 Polestar
2613	1970 GMC Jimmy
2614	1968 Ford Mustang GT 2+2 Fastback
2616	2016 Lamborghini Centenario LP 770-4
2618	2017 Nissan GT-R (R35)
2623	1965 Ford F 100 Trophy
2624	2018 Bugatti Chiron
2625	2016 Bentley Bentayga
2628	2016 BMW M4 GTS
2636	1993 Toyota #1 T100 Baja Truck
2637	2015 Robby Gordon 7 SST
2647	2016 Pagani Huayra BC
2648	2016 Hoonigan Gymkhana 9 Ford Focus RS RX
2649	2010 Ford Crown Victoria Police Interceptor
2652	1997 Mitsubishi Montero Evolution
2654	2017 Mercedes-AMG GT R
2656	2007 Toyota Hilux Arctic Trucks AT38
2659	1998 Porsche 911 GT1 Strassenversion
2662	2016 Nissan Titan Warrior Concept
2663	2016 RJ Anderson #37 Polaris RZR-Rockstar Energy Pro 2 Truck
2665	2017 Bentley Continental Supersports
2666	2015 Halo Warthog Forza Edition
2668	1968 Alfa Romeo 33 Stradale Forza Edition
2669	2014 Alfa Romeo 4 C Forza Edition
2670	2014 BAC Mono Forza Edition
2671	1997 BMW E 36 M 3
2676	2015 Dodge Challenger Hellcat Forza Edition
2686	2014 Holden HSVGTS Forza Edition
2692	1988 Lamborghini Countach Forza Edition
2694	1986 Lancia Delta S 4 Forza Edition
2695	1974 Lancia Stratos Forza Edition
2698	1986 MG Metro 6 R 4 Forza Edition
2699	1965 MINI Cooper S Forza Edition
2703	2015 Polaris RZR 1000 Forza Edition
2711	2010 Mazda Mazdaspeed 3
2712	1992 Mitsubishi Galant VR-4
2713	2014 Box Truck
2714	2014 Bus
2715	2016 Subaru 199 WRXSTIVT 15 r
2717	2015 Polaris RZR 1000 RE
2719	2016 AUD R 8 V10 Plus Preorder Car
2720	2015 Dodge Challenger Hellcat Preorder Car
2721	2016 Ferrari 488 GTB Preorder Car
2723	2016 Jaguar FType Project 7 Preorder Car
2728	1955 Hoonigan Chevrolet Bel Air
2729	1972 Hoonigan Chevrolet Napalm Nova
2730	1978 Hoonigan Ford Escort RS1800
2731	2015 Ford Fiesta STRX 43
2732	1992 Hoonigan Mazda RX-7 Twerkstallion
2734	1965 Hoonigan Ford Hoonicorn Mustang
2736	1991 Hoonigan Rauh-Welt Begriff Porsche 911 Turbo
2738	1995 Nissan NISMO GT-R LM
2739	2017 Chevrolet Camaro ZL1
2740	2017 Abarth 124 Spider
2741	2017 Porsche Panamera Turbo
2742	2016 Jeep Trailcat
2743	2016 Toyota Land Cruiser Arctic Trucks AT37
2744	2004 Nissan Pickup #23 Rally Raid
2745	2015 Honda Ridgeline Baja Trophy Truck
2746	2018 TAT Fortuna
2750	1969 Hot Wheels Twin Mill
2751	2012 Jaguar XKR-S
2754	2023 Quartz Regalia
2755	2018 Porsche 911 GT2 RS
2773	2018 Porsche Cayenne Turbo
2775	2017 Porsche #92 Porsche GT Team 911 RSR
2792	1966 Ford #2 GT40 MkII
2793	1967 Ferrari #24 Ferrari Spa 330 P4
2794	1993 Porsche 911 Turbo S Leichtbau
2801	1983 Nissan #11 Tomica Skyline Turbo Super Silhouette
2822	1985 Nissan Safari Turbo
2825	1997 Lotus Elise GT1
2838	2017 Ram 2500 Power Wagon
2839	2018 Dodge Durango SRT
2841	2018 Jaguar I-PACE
2844	2017 VUHL 05RR
2846	2018 McLaren 720S Coupe
2847	2017 Chevrolet Colorado ZR2
2861	2018 Kia Stinger
2865	2017 Maserati Levante S
2866	2018 Exomotive Exocet Sport V8 XP-5
2869	1971 Porsche #23 917/20
2870	2018 Honda Civic Type R
2871	2018 Can-Am Maverick X RS Turbo R
2872	2019 Hyundai Veloster N
2874	2018 Nissan Sentra NISMO
2902	2018 Flatbed Truck
2903	2005 SUBARU LEGACY B4 2.0 GT
2908	2012 Ferrari 599XX Evoluzione
2909	2018 Dodge Challenger SRT Demon
2910	2017 Koenigsegg Agera RS
2911	1953 Morris Minor 1000
2912	1964 AUS FX 4
2913	2015 AC Class 10 Forza Edition
2916	2016 Alfa Romeo Giulia Forza Edition
2917	2016 Aston Martin Vulcan Forza Edition
2920	2013 Bentley Continental GTS Forza Edition
2921	1988 BMW M 5 E 28 Forza Edition
2922	2013 BMW M 6 Forza Edition
2923	2013 Caterham R 500 Forza Edition
2925	1969 Chevrolet Nova SS Forza Edition
2929	1974 Ford Capri Forza Edition
2930	1932 Ford De Luxe Five-Window Coupe Forza Edition
2934	2011 Ford Transit SSV Forza Edition
2935	2018 Funco Motorsports F9
2937	2017 Ford #14 Rahal Letterman Lanigan Racing GRC Fiesta
2940	2012 Lamborghini LP 7004 Forza Edition
2941	2011 Lamborghini Sesto Elemento Forza Edition
2944	1972 Land Rover Series III Forza Edition
2945	2004 Maserati MC 12 Forza Edition
2947	2015 Mercedes-Benz #24 Tankpool24 Racing Truck Forza Edition
2948	1998 Mitsubishi FTO GP Version R
2949	2009 Mercedes-Benz SL 65 AMG Forza Edition
2951	2003 Nissan Fairlady Z Forza Edition
2952	1995 Nissan GTRLM Forza Edition
2953	2017 Nissan Titan Forza Edition
2954	2010 Pagani Zonda R Forza Edition
2955	1984 Peugeot 205 T 16 Forza Edition
2956	2012 Porsche 911 GT 2 Forza Edition
2958	1980 Renault 5 Turbo Forza Edition
2962	2005 TVR Sagaris Forza Edition
2963	1963 Volkswagen Type 2 Forza Edition
2964	1953 Morris Minor 1000 Forza Edition
2965	2010 Renault Clio 200 Cup Forza Edition
2968	2023 Aston Martin Valkyrie
2972	2019 Ferrari #62 Risi Competitizione 488 GTE
2973	2017 Alpine A110
2974	2017 Ferrari 812 Superfast
2975	2018 Alfa Romeo Stelvio
2976	1930 Bentley 8 Litre
2979	1959 Ford Anglia 105E
2980	1964 Ford GT40 Mk I
2981	1986 Ford Escort RS Turbo
2982	1977 Hoonigan Gymkhana 10 Ford F-150 'Hoonitruck'
2983	2017 Ford Hoonigan Fiesta WRC
2984	1991 Hoonigan Gymkhana 10 Ford Escort Cosworth Group A
2985	1973 Land Rover Range Rover
2986	2014 Mercedes-Benz Unimog U5023
2987	1962 Peel P50
2988	2018 McLaren Senna
2989	1933 Napier Napier-Railton
2991	2016 Volvo Ironknight
2992	1964 Jaguar Lightweight E-Type
2993	2018 TVR Griffith
2994	1962 Triumph Spitfire
2995	1983 Volkswagen Golf GTI
2996	2015 Formula Drift #13 Ford Mustang
2997	2016 Formula Drift #530 HSV Maloo Gen-F
2998	1995 Nissan Formula Drift #118 240 SX
2999	1996 Nissan Formula Drift #232 240 SX
3000	1997 Formula Drift #777 Nissan 240SX
3003	2006 Formula Drift #43 Dodge Viper SRT10
3005	1965 Peel Trident
3006	1965 Hoonigan Gymkhana 10 Ford Hoonicorn Mustang
3007	2017 Volkswagen #34 Volkswagen Andretti Rallycross Beetle
3009	2008 Lamborghini Reventon Forza Edition
3012	1972 Ford Falcon XAStreet Forza Edition
3020	1973 Volkswagen Thing
3021	1966 Porsche 906 Carrera 6
3024	1969 Aston Martin DBSVantage
3026	1929 Mercedes-Benz SSK
3031	1985 Porsche #185 959 Prodrive Rally Raid
3035	2018 KTM X-Bow GT4
3036	1959 Porsche 356 A 1600 Super
3037	1989 Formula Drift #98 BMW 325i
3040	1970 Chevrolet Chevelle BJ
3041	1975 Ford Bronco BJ
3042	1932 Ford Roadster BJ
3044	1959 Plymouth Atomic Punk BJ
3045	1970 Plymouth Hemi Cuda BJ
3046	2018 Ford Mustang GT
3047	1964 Aston Martin DB 5 Bond
3048	1987 Aston Martin V8 Vantage Bond
3050	1999 BMW Z 8 Bond
3051	2017 Ford M-Sport Fiesta RS
3052	1932 Ford Double Down BJ
3055	2010 Jaguar C-X75
3060	2014 Aston Martin DB 10 Bond
3061	1977 Lotus Esprit Bond
3062	1970 Ferrari 512 S
3063	2018 Mercedes-Benz X-Class
3064	2018 Mercedes-AMG GT 4-Door Coupe
3069	2016 Honda Civic Coupe
3070	1981 Citroën 2 CV6 Bond
3071	2018 BMW M5
3072	2019 Porsche 911 GT3 RS
3073	2018 BMW #1 BMW M Motorsport M8 GTE
3074	2019 Porsche Macan Turbo
3075	1974 AMC Hornet
3078	1966 Volkswagen Double Cab Pick-Up
3079	1963 Shelby 95 Monaco King Cobra
3082	2008 Maserati MC12 Versione Corsa
3084	1966 SUN Imp
3085	2018 DeBerti Ford Mustang GT
3086	2018 TG Track Tor
3087	2014 McLaren 650S Spider
3088	2018 DeBerti Chevrolet Silverado 1500 Drift Truck
3089	2018 Exomotive Exocet Off-Road
3091	2019 Aston Martin Vantage
3092	2023 Quartz Regalia Type D
3093	2018 Ford #25 Mustang RTR
3094	2018 Morgan Aero GT
3096	1938 MG TA
3097	1953 Jaguar C-Type
3098	2017 Aston Martin DB 11 RETAIL
3099	2017 Chevrolet Camaro ZL 1 RETAIL
3100	2017 Ford Focus RS RETAIL
3101	2018 McLaren 720 S RETAIL
3102	2012 Nissan GTR RETAIL
3103	2016 Porsche 911 GT 3 RS RETAIL
3104	2017 Mercedes-Benz AMGGTR RETAIL
3107	2014 Mercedes-Benz G 63 AMG 6x6
3108	2018 Ford Mustang RTR Spec 5
3109	2018 DeBerti F-150 Prerunner Truck
3110	2018 DeBerti Wrangler Unlimited
3111	1951 Porsche #46 356 SL Gmünd Coupe
3112	2017 Ferrari #25 Corse Clienti 488 Challenge
3114	2019 BMW i 8 Roadster
3115	2016 Hoonigan Gymkhana 10 Ford Focus RS RX
3116	1953 Morris Minor Series II Traveler
3117	2018 Porsche 718 Cayman GTS
3118	2019 Chevrolet Corvette ZR1
3119	1986 Hoonigan Ford RS200 Evolution
3120	2019 Lamborghini Urus
3121	2017 Ram Rebel TRX
3122	2017 Ferrari GTC4Lusso
3123	2019 Porsche 911 Carrera S
3124	1974 Ford Hoonigan Bronco
3125	2017 Aston Martin Vanquish Zagato Coupe
3126	1965 Ford Transit
3127	1924 AUS Seven
3128	2017 Ford #25 'Brocky' Ultra4 Bronco RTR
3129	2008 Renault Mégane R26.R
3130	2017 Mercedes-Benz Project EAT
3131	2018 MINI John Cooper Works Countryman ALL4
3132	2018 MINI X-Raid John Cooper Works Buggy
3133	2018 MINI Convertible
3134	2018 Renault Megane R.S.
3136	2018 Land Rover Range Rover Velar First Edition
3140	2019 Rimac Concept Two
3141	2018 Apollo Intensa Emozione 'Welcome Pack'
3142	1965 Morris Mini-Traveller
3149	2018 Chevrolet Camaro ZL1 1LE
3150	1964 Porsche 356 C Cabriolet Emory Special
3151	2018 Ford #88 Mustang RTR
3153	2018 McLaren 600LT Coupe
3154	2019 McLaren 720S Spider
3156	2019 McLaren Speedtail
3159	1979 Triumph TR 7
3160	1995 Porsche 911 Carrera 2 by Gunther Werks
3163	2018 Chevrolet Hot Wheels COPO Camaro
3164	2018 Jeep Grand Cherokee Trackhawk
3167	1970 Ford GT70
3168	2019 Bugatti Divo
3169	2008 Dodge Magnum SRT8
3170	1994 Ford Supervan 3
3172	1991 Bentley Turbo R
3173	2019 BMW Z4 Roadster
3174	2019 Ford Ranger Raptor
3175	1992 Mercedes-Benz 500 E
3176	1987 Mercedes-Benz AMG Hammer Coupe
3177	1987 Mercedes-Benz AMG Hammer Wagon
3178	2006 Mercedes-Benz E 55 AMG Wagon
3180	1991 Peugeot 205 Rallye
3181	1986 Ford Mustang SVO
3182	2016 Renault Clio R.S. 16 Concept
3183	1967 Ford Racing Escort Mk1
3184	1977 Ford #5 Escort RS1800 MkII
3185	2019 Aston Martin DBS Superleggera
3187	2018 Porsche Macan LPR Rally Raid
3188	1989 Porsche #65 Rothsport Racing 911 'Desert Flyer'
3189	2019 Hennessey VelociRaptor 6x6
3190	2003 Ford F-150 SVT Lightning
3191	1973 Lamborghini Espada 400 GT
3194	2018 Italdesign Zerouno
3195	2018 ATS GT
3196	2019 RAESR Tachyon Speed
3197	2018 Mercedes-AMG GT3
3198	1985 De Tomaso Pantera GT5
3199	2003 Ford Mustang SVT Cobra
3201	1966 Oldsmobile Toronado
3206	1970 Mercury Cyclone Spoiler
3207	1987 Lego Speed Champions F 40
3208	2019 Lego Speed Champions Senna
3209	2019 Lego Speed Champions Chiron
3210	1967 Lego Speed Champions Cooper
3211	2017 Aston Martin Vulcan AMR Pro
3212	2019 Zenvo TSR-S
3214	2019 Porsche #70 Porsche Motorsport 935
3215	2019 Porsche 911 Speedster
3217	2018 Lamborghini Huracán Performante
3218	2018 Porsche 911 GT3 R
3223	2018 Volkswagen 94 IDR
3225	2018 Ferrari Portofino
3226	2017 Ferrari J50
3227	2019 Ferrari 488 Pista
3228	1999 Ford Racing Puma
3232	2013 Formula Drift #777 Chevrolet Corvette
3235	1982 Volkswagen Pickup LX
3236	1984 Rover SD 1
3239	2018 Lamborghini #63 Squadra Corse Huracán Super Trofeo Evo
3241	2018 SUBARU WRX STI ARX Supercar
3242	2014 Cadillac CTS-V Sport Wagon
3244	1964 Plymouth Belvedere
3247	2018 Formula Drift #64 Nissan 370Z
3248	1990 Porsche 911 Reimagined by Singer - DLS
3249	2007 Formula Drift #117 599 GTB Fiorano
3250	2018 Mercedes-AMG E 63 S
3252	1949 Hot Wheels Ford F-5 Dually Custom Hot Rod
3253	1975 Lego Speed Champions 911 Turbo
3255	2020 Jeep Gladiator Rubicon
3257	1990 Nissan Pulsar GTi-R
3261	1968 Renault 4L Export
3264	2018 Audi RS 5 Coupé
3271	2005 MG XPower SV-R
3274	1990 Aston Martin Lagonda
3276	2018 Saleen S1
3277	2020 Ford Mustang Shelby GT500
3281	2015 Cadillac #3 Cadillac Racing ATS-V.R
3282	1987 Porsche #203 Porsche AG 961
3284	2019 Hennessey Camaro Exorcist
3285	2019 Brabham BT62
3286	2018 Audi TT RS
3287	1991 Jaguar Sport XJR-15
3288	1993 Schuppan 962CR
3289	2018 Lamborghini Aventador SVJ
3293	1993 Jaguar XJ220S TWR
3300	2013 McLaren P 1 Owen
3304	1990 Alfa Romeo SE 048SP
3307	2019 Nissan 370Z NISMO
3311	2018 Ferrari FXX-K EVO
3312	2019 Ferrari Monza SP2
3315	2020 Koenigsegg Jesko
3318	2018 Audi RS 4 Avant
3320	2019 Italdesign DaVinci Concept
3325	2003 Aston Martin DB7 GT
3331	2006 Noble M400
3332	1960 Porsche 356 RSREmory
3334	2019 Elemental RP1
3359	2021 Audi RS e-tron GT
3360	2020 Automobili Pininfarina Battista
3363	1998 Nissan #23 Pennzoil NISMO Skyline GT-R
3364	2019 Aston Martin Valhalla Concept Car
3366	2016 NIO EP9
3367	2019 Ferrari F8 Tributo
3369	2020 Chevrolet Corvette Stingray Coupe
3370	1994 Hoonigan Ford Escort RS Cosworth WRC 'Cossie V2'
3371	2020 Lamborghini Huracán EVO
3373	2019 Toyota 4Runner TRD Pro
3374	2019 Toyota Tacoma TRD Pro
3395	1967 Renault 8 Gordini
3397	1972 Chevrolet LUVHW
3398	1969 International Loadstar HW
3400	2009 Formula Drift #99 Mazda RX-8
3402	2020 Toyota GR Supra
3404	2020 Ford #2069 Ford Performance Bronco R
3405	2018 Hot Wheels 2JetZ
3407	1957 Hot Wheels Nash Metropolitan Custom
3408	1957 STU Golden Hawk HW
3411	1995 Formula Drift #34 Toyota Supra MKIV
3412	2019 SUBARU STI S209
3413	2021 Volkswagen Golf R
3414	2020 Land Rover Defender 110 X
3415	1966 Jaguar XJ13
3419	2020 Toyota Tundra TRD Pro
3428	2019 Ginetta G10 RM
3429	2019 Ginneta G40 Junior
3432	1977 Quadra VTech
3434	2020 BMW M2 Competition Coupe
3437	2020 McLaren GT
3438	1961 DeBerti Ford Econoline 'Shop Rod'
3439	2019 DeBerti Ford Super Duty F-250 Lariat 'Transformer'
3441	2019 DeBerti Toyota Tacoma TRD The Performance Truck
3445	2020 Porsche Taycan Turbo S
3446	2017 Formula Drift #357 Chevrolet Corvette Z06
3449	2020 Lotus Evija
3453	2020 Audi RS 3 Sedan
3454	2020 Audi TT RS Coupe
3457	2020 Lexus #14 VASSER SULLIVAN RC F GT3
3464	1996 Ferrari F 50 GT 'Welcome Pack'
3465	2012 Lamborghini LP 7004 'Welcome Pack'
3466	2016 Ford Phoenix 'Welcome Pack'
3467	1976 Jeep CJ 5 Renegade 'Welcome Pack'
3468	1958 Porsche 34 718 RSK 'Welcome Pack'
3469	1993 Toyota 1 Baja Truck 'Welcome Pack'
3470	2016 Ford Focus RSRX 'Welcome Pack'
3471	2016 Subaru 199 WRXSTIVT 15 r 'Welcome Pack'
3476	2020 Ford Super Duty F-450 DRW Platinum
3477	2020 Chevrolet Silverado LT Trail Boss
3482	2021 McLaren 765LT
3486	2012 Jeep Wrangler Rubicon
3489	2021 Ford Bronco
3490	2020 Chevrolet #3 Corvette Racing C8.R
3492	2020 KTM X-Bow GT2
3495	2006 Mosler MT900 GT3
3498	2017 Saleen S7 LM
3499	2020 Saleen Sportruck XR Black Label
3508	1986 Citroën BX4TC
3518	2020 BMW M8 Competition Coupe
3520	2021 Lexus LC 500
3523	2020 Formula Drift #151 Toyota GR Supra
3524	2019 Formula Drift #411 Toyota Corolla Hatchback
3528	2010 Forsberg Racing Toyota Gumout 2JZ Camry Stock Car
3529	1975 Forsberg Racing Nissan Gold Leader Datsun 280Z
3530	2021 Forsberg Racing Nissan 'Altimaniac'
3531	2014 Forsberg Racing Nissan 'SafariZ' 370Z Safari Rally Tribute
3533	2022 Volkswagen Golf R
3534	2021 MINI John Cooper Works GP
3537	2020 MG #20 MG6 XPower
3539	2020 SIERRA Cars #23 Yokohama ALPHA
3540	2021 SIERRA Cars RX3
3543	2021 Pagani Huayra R
3546	2020 Lexus RC F Track Edition
3547	2020 Xpeng P7
3548	2013 Wuling Sunshine S
3549	2021 Alumicraft #122 Class 1 Buggy
3551	2020 Formula Drift #91 BMW M2
3552	2020 Lynk &amp; Co #100 Cyan Racing 03
3553	1973 Hoonigan Volkswagen Baja Beetle Class 5/1600 'Scumbug'
3554	2005 Mitsubishi #1 Sierra Sierra Enterprises Lancer Evolution Time Attack
3556	2011 BMW X5 M Forza Edition
3559	1953 Chevrolet Corvette Forza Edition
3561	1969 Dodge Charger R/T Forza Edition
3562	2018 Exomotive Exocet Off-Road Forza Edition
3564	1999 Ford Racing Puma Forza Edition
3568	2010 Maserati Gran Turismo S Forza Edition
3570	1971 Meyers Manx Forza Edition
3572	2016 Pagani Huayra BC Forza Edition
3573	1987 Pontiac Firebird Trans Am GTA Forza Edition
3574	2019 Porsche 911 GT3 RS Forza Edition
3577	1963 Volkswagen Beetle Forza Edition
3580	2021 Aston Martin DBX
3583	2021 Audi RS 6 Avant
3584	2021 Audi RS 7 Sportback
3588	2021 Bentley Flying Spur
3590	1972 Chevrolet K10 Custom
3594	2020 Ferrari Roma
3595	2020 Ferrari SF90 Stradale
3597	1986 Ford F-150 XLT Lariat
3598	2021 Ford Mustang Mach-E 1400
3599	2022 Gordon Murray Automotive T.50
3600	2021 Hennessey Venom F5
3602	2019 Jaguar XE SV Project 8
3603	2019 Casey Currie Motorsports #4402 Ultra 4 'Trophy Jeep'
3604	2020 Jimco #179 Hammerhead Class 1
3605	2019 Jimco #240 Fastball Racing Spec Trophy Truck
3606	2020 Lamborghini Essenza SCV12
3608	2020 Lamborghini Sián Roadster
3611	2022 Maserati MC20
3616	2021 Mercedes-AMG GT Black Series
3617	2021 Mercedes-AMG SL 63
3620	2023 Nissan Z
3622	2020 Nissan GT-R NISMO (R35)
3625	2021 Rimac Nevera
3629	2021 Toyota GR Yaris
3631	2022 Aston Martin Valkyrie AMR Pro
3644	2021 BMW M3 Competition Sedan
3645	2021 BMW M4 Competition Coupé
3650	2021 Mercedes-AMG Mercedes-AMG ONE
3655	2021 McLaren 620R
3657	2022 Rivian R1T
3658	2022 Rivian R1S
3661	2018 Lotus Exige Cup 430
3662	2021 RJ Anderson #37 Polaris RZR Pro 4 Truck
3665	2021 SIERRA Cars 700R
3667	2021 Porsche 911 GT3
3668	2023 McLaren Artura
3670	2001 Ford #4 Ford Focus RS
3672	2020 Lamborghini Huracán STO
3673	2020 Lamborghini SC20
3676	2021 Hyundai #98 Bryan Herta Autosport Elantra N
3677	2021 Lynk &amp; Co 03+
3678	2020 Hyundai I30 N
3681	1998 Toyota Supra RZ 'Welcome Pack'
3682	2018 Apollo Intensa Emozione
3683	2008 Mitsubishi Lancer Evolution X GSR 'Welcome Pack'
3684	2020 Ford #2069 Ford Performance Bronco R 'Welcome Pack'
3685	2020 Porsche Taycan Turbo S 'Welcome Pack'
3686	2021 Polaris RZR Pro XP Factory Racing Limited Edition
3687	2021 Polaris RZR Pro XP Ultimate
3689	2021 MG MG6 XPower
3692	2022 Ford F-150 Lightning Platinum
3693	2022 Alumicraft #6165 Trick Truck
3696	1967 Shelby GT 500
3697	2020 Jaguar F-Type SVR
3698	2022 Porsche Mission R
3699	2017 Ford GT 'OPI Edition'
3700	2021 McLaren Sabre
3702	2013 Hot Wheels Baja Bone Shaker
3703	2000 Hot Wheels Deora II
3704	2012 Hot Wheels Rip Rod
3706	1970 Hot Wheels Pontiac Firebird Trans Am Custom
3708	2022 Extreme E #125 ABT Cupra XE
3709	2022 Extreme E #22 JBXE
3710	2022 Extreme E #23 Genesys Andretti United
3711	2022 Extreme E #42 XITE Racing Team
3712	2022 Extreme E #44 X44
3713	2022 Extreme E #5 Veloce Racing
3714	2022 Extreme E #55 ACCIONA / Sainz XE Team
3715	2022 Extreme E #6 Rosberg X Racing
3716	2023 Lotus Emira
3719	2022 Cadillac CT4-V Blackwing
3720	2022 Cadillac CT5-V Blackwing
3722	2022 GMC HUMMER EV Pickup
3724	2022 Ferrari 296 GTB
3726	2023 Acura Integra A-Spec
3727	2022 Extreme E #58 McLaren Racing
3728	2021 Bentley Continental GT Convertible
3729	1976 Volkswagen SP-2
3732	2021 Volkswagen ID.4
3733	2022 Extreme E #99 Chip Ganassi Racing GMC Hummer EV
3734	2022 BMW i4 eDrive40
3735	2022 SUBARU BRZ
3736	2022 Ford Bronco Raptor
3737	2022 BMW iX xDrive50
3740	2022 Hennessey Mammoth 6x6
3741	1996 Formula Drift #51 Donut Media Nissan 240SX
3742	2003 Nissan Donut Media 350Z 'Hi Car'
3743	2004 Nissan Donut Media 350Z 'Low Car'
3744	2023 Formula Drift #64 Forsberg Racing Nissan Z
3745	2020 Audi R8 V10 performance
3746	2022 CUPRA Formentor VZ5
3747	2022 CUPRA Tavascan Concept
3748	2022 CUPRA UrbanRebel Concept
3749	2013 Dodge SRT Viper GTS Anniversary Edition
3750	1995 Mitsubishi Montero Exceed 2800 TD
3753	2023 Lamborghini Huracán Tecnica
3755	2022 Ford Supervan 4
3757	2024 Czinger 21C
3759	2022 Lamborghini Huracan EVO Spyder
3760	2022 Porsche 718 Cayman GT4 RS
3761	2022 Toyota GR86
3763	2023 BMW M2
3764	2022 BMW M5 CS
3766	2023 Chevrolet Corvette Z06
3767	2022 Acura NSX Type S
3771	2024 Chevrolet Corvette E-Ray
3773	2023 Honda Civic Type R
3774	2021 Lamborghini Countach LPI 800-4
3775	2021 Lamborghini Aventador LP 780-4 Ultimae
3781	2023 Porsche 911 GT3 RS
3783	1989 Volkswagen Rallye Golf
3785	1997 Volvo 850 R
3786	2013 Ariel Atom 500 V8
3787	2022 Lynk &amp; Co 05+
3788	2022 Lynk &amp; Co 02 Hatchback
3789	2022 Wuling Hongguang Mini EV Macaron
3791	2009 Pagani Zonda Cinque Roadster
3793	2023 MG Cyberster
3794	2022 MG MG7
3795	2023 Meyers Manx 2.0 EV
3798	2017 Mazda MX-5 Cup
3808	1956 Chevrolet 'Barbie Movie' Corvette EV
3809	2022 GMC 'Barbie Movie' HUMMER EV PICKUP
3810	2010 Nissan Tsuru
3811	2023 Lucid Air Sapphire
3819	2022 SUBARU WRX
3820	2022 Hyundai Kona N
3823	2022 Mazda MX-5 Miata RF
3827	2023 Hyundai IONIQ 5 N
3828	2022 Hyundai IONIQ 6
3829	2022 Hyundai N Vision 74
3830	1992 Universal Studios Jeep Wrangler Sahara 'Jurassic Park'
3832	1973 Fast and Furious Datsun 240Z 'Fast X'
3835	1966 Fast and Furious Chevrolet Impala Super Sport 'Fast X'
3836	2022 Fast and Furious Dodge Charger SRT Hellcat Redeye Widebody 'Fast X'
3837	1970 Fast and Furious Dodge Charger 'Fast X'
3838	2022 Fast and Furious Flip Car 2.0 'Fast X'
3840	2023 Lamborghini Huracán Sterrato
3846	2024 Ford Mustang GT
3847	2024 Ford Mustang Dark Horse
3848	2023 Toyota Camry TRD
3849	2023 Ford F-150 Raptor R
3850	2021 Dodge Durango SRT Hellcat
3851	1991 Toyota Sera
3852	1991 Honda Beat
3854	1993 Autozam AZ-1
3855	1991 Nissan Figaro
3856	1987 Nissan Be-1
3858	1997 Nissan Stagea Four V
3859	1984 Honda City Turbo II
3860	1989 Nissan S-Cargo
3864	2023 KIA EV6 GT
3865	1994 Honda Acty
3880	2023 Toyota GR Corolla
3881	1981 Universal Studios Back to the Future Time Machine 1
3882	1981 Universal Studios Back to the Future Time Machine 2
3883	1981 Universal Studios Back to the Future Time Machine 3
3884	1982 Universal Studios K.I.T.T.
3886	1995 Mitsubishi Lancer Evolution III GSR
3890	2023 Porsche Taycan Cross Turismo Turbo S
3891	2024 Lamborghini Revuelto
3895	2020 Mercedes-AMG SLC 43 Final Edition
3896	1965 DeBerti Chevrolet C10 ‘Slayer’
3903	2023 Ford Fiesta ST
3904	2022 Ford Focus ST
3908	2022 Honda e
3910	2023 Porsche 911 Rallye
3914	1991 Toyota Chaser GT Twin Turbo
3917	2023 Audi R8 Coupé V10 GT RWD
3918	1995 Nissan Gloria Gran Turismo
3921	2024 Nissan Z NISMO
3928	2021 Hyundai i20 N
3929	1989 Nissan Pao
3933	1997 Toyota Chaser 2.5 Tourer V
3937	1970 Honda N600
3950	2012 Lamborghini Aventador LP 700-4
3951	2023 Porsche 911 GT3 R
3953	2023 Porsche 911 Turbo S
3954	2024 Chevrolet Camaro ZL1
3955	2024 Ram 1500 TRX
3958	2023 Dodge Challenger SRT Demon 170
3959	2022 Dodge Challenger SRT Super Stock
3960	1994 Subaru Vivio RX-R
3964	2024 Toyota Prius Prime XSE Premium
3972	1969 Chevrolet Camaro Jordan Luka 3 Forza Edition
3983	2024 BMW X6 M Competition
3999	2002 Nissan Silvia Spec-R
4002	2024 Lamborghini Temerario
4034	1972 Honda Z GT
4038	1999 Toyota Altezza RS200 Z EDITION
4055	1996 Toyota Starlet Glanza V
4057	1997 Nissan Skyline GT-R V-Spec
4067	2025 Bentley Continental GT Speed
4069	1988 BMW M3
4081	2024 Koenigsegg Gemera
4084	1972 Datsun #269 Attacking the Clock Racing 240Z 'All Carbon Hill Climb Beast'
4085	1990 Mitsubishi #269 Attacking the Clock Racing Minicab TA
4090	2001 Mitsubishi Lancer Evolution VI GSR TM Edition
4094	2024 Nissan GT-R NISMO
4114	1992 Nissan Skyline GT-R
4118	2025 McLaren W1
4119	1998 Nissan Skyline Autech Version GT-R 40th Anniversary
4124	2013 Mercedes-Benz G 65 AMG
4125	1994 Honda Acty
4126	2022 Honda e
4127	1995 Mitsubishi Montero Exceed 2800 TD
4128	2022 SUBARU WRX
4129	1997 Nissan Stagea RS FOUR V
4144	1992 Mazda RX-7 Type R
4145	1974 Mazda #123 Mad Mike 808 Wagon 'FURSTY'
4147	2021 Alfa Romeo Giulia GTAm
4156	2025 Ferrari F80
4158	2010 Lexus LFA Forza Edition
4160	1989 Nissan S-Cargo FE
4162	1985 Toyota Sprinter Trueno GT-APEX Forza Edition
4163	2020 Wuling Sunshine S FE
4164	2022 Subaru BRZ FE
4165	1973 Mazda RX-3 FE
4166	2023 BMW M2 FE
4167	2012 Nissan GT-R Black Edition (R35) Forza Edition
4168	1968 Ford Mustang GT 2+2 Fastback Forza Edition
4169	1990 Mercedes-Benz 190 E
4171	1986 Ford F-150 XLT Lariat FE
4175	2020 Super Duty Ford F-450 DRW Platinum FE
4179	1990 Nissan #12 Skyline GT-R (BNR32 Gr.A) JTC
4197	1994 Mazda MX-5 Miata Forza Edition
4198	1999 Dodge Viper GTS ACR FE
4199	2019 Toyota Tacoma TRD Pro FE
4200	2020 Lotus Evija Forza Edition
4210	2018 Lotus Scura Motorsports Exige WTAC
4211	1990 Honda #19 101 Motorsport CRX WTAC
4212	1993 Nissan #23 Skyline WTAC 'Xtreme GTR'
4213	2000 Nissan #36 Dream Project S15 Silvia WTAC
4214	1995 Toyota J&J Motorsport Supra WTAC
4216	1994 Honda Acty 'RakuRaku Express'
4221	2025 GR GT Prototype
4222	1989 Nissan Silvia K's
4223	2000 Nissan Skyline GT-R-spec II
4231	2004 Honda #52 Evasive Motorsports S2000 WTAC
4232	2005 Porsche Cayman GT3 WTAC
4234	2008 Honda Civic Type R
4250	1985 Toyota Sprinter Trueno GT Apex 'Touge Edition'
4251	2003 Honda S2000 'Touge Edition'
4252	1998 SUBARU Impreza 22B-STi Version 'Touge Edition'
4254	2001 Honda #33 Integra WTAC
4255	2005 Toyota Crown Super Deluxe Taxi
4257	2017 Toyota JPN Taxi
4259	2013 Toyota 86 'Stories'
4260	2024 Nissan GT-R NISMO
4261	1995 Porsche 911 GT2
4263	2026 Toyota Scallop
4264	2018 Ferrari FXX-K Evo 'Welcome Pack'
4265	2020 Mercedes-AMG GT Black Series 'Welcome Pack'
4266	2021 BMW M4 Competition Coupé 'Welcome Pack'
4267	2004 Mitsubishi Lancer Evolution VIII MR 'Welcome Pack'
4268	2023 Ford F-150 Raptor R 'Welcome Pack'
4277	1992 Honda #21 Hardrace/JDMYard Civic WTAC
4278	2025 Toyota Land Cruiser
4287	1994 Subaru Vivio RX-R FE
4303	2012 Nissan GT-R Black Edition (R35) 'Touge Edition'
4313	Porsche 917 LH FE
4315	1962 Peel P50 Trolli Edition
4332	2005 Toyota Crown Super Deluxe Taxi
4333	2017 Toyota JPN Taxi
4341	2017 Ferrari J50 Preorder Car
4342	1966 Toyota Sports 800 Fanta Edition
4354	1990 Jaguar XJ-S Forza Edition
9007	1994 Ford Supervan 3 'Donut Media Edition'
